{
    "num_leaves": 110,
    "max_depth": 10,
    "learning_rate": 0.004276178789963134,
    "n_estimators": {
        "0.025": 354,
        "0.25": 354,
        "0.5": 533,
        "0.75": 354,
        "0.975": 354
    },
    "lambda_l1": 8.558125877336166e-06,
    "lambda_l2": 0.3343604819776156,
    "boosting_type": "gbdt",
    "feature_fraction": 0.5505864888491752,
    "bagging_fraction": 0.7399190643268547,
    "bagging_freq": 9,
    "min_child_samples": 300,
    "min_child_weight": 0.0005451339137826213,
    "subsample": 0.5964834380303817,
    "subsample_freq": 18,
    "colsample_bytree": 0.5984112267775727,
    "max_bin": 167,
    "min_split_gain": 0.1897070392623261,
    "min_data_in_leaf": 1,
    "min_sum_hessian_in_leaf": 14.237237098256708
}