{
    "num_leaves": 116,
    "max_depth": 21,
    "learning_rate": 0.011970769794088598,
    "n_estimators": {
        "0.025": 354,
        "0.25": 354,
        "0.5": 257,
        "0.75": 354,
        "0.975": 354
    },
    "lambda_l1": 0.004600412606032716,
    "lambda_l2": 0.0016262104764925252,
    "boosting_type": "gbdt",
    "feature_fraction": 0.5247086611710965,
    "bagging_fraction": 0.3438692871928131,
    "bagging_freq": 9,
    "min_child_samples": 276,
    "min_child_weight": 0.006561589784104777,
    "subsample": 0.7851577262533584,
    "subsample_freq": 4,
    "colsample_bytree": 0.8427327086955618,
    "max_bin": 176,
    "min_split_gain": 0.18215189995938172,
    "min_data_in_leaf": 16,
    "min_sum_hessian_in_leaf": 8.264696179647867
}