{
    "num_leaves": 57,
    "max_depth": 27,
    "learning_rate": 0.15380814954452945,
    "n_estimators": {
        "0.025": 157,
        "0.25": 157,
        "0.5": 498,
        "0.75": 157,
        "0.975": 157
    },
    "lambda_l1": 3.934112417286049e-06,
    "lambda_l2": 0.17957517494578715,
    "boosting_type": "gbdt",
    "feature_fraction": 0.5249400741255448,
    "bagging_fraction": 0.835792121428302,
    "bagging_freq": 9,
    "min_child_samples": 167,
    "min_child_weight": 0.000181498609235564,
    "subsample": 0.8472013271904033,
    "subsample_freq": 7,
    "colsample_bytree": 0.5667159945051609,
    "max_bin": 132,
    "min_split_gain": 0.04423831730930818,
    "min_data_in_leaf": 12,
    "min_sum_hessian_in_leaf": 8.638134233791325
}