{
    "num_leaves": 96,
    "max_depth": 24,
    "learning_rate": 0.003933903284897336,
    "n_estimators": {
        "0.025": 354,
        "0.25": 354,
        "0.5": 448,
        "0.75": 354,
        "0.975": 354
    },
    "lambda_l1": 0.039224912013390595,
    "lambda_l2": 0.0002537167018906006,
    "boosting_type": "gbdt",
    "feature_fraction": 0.7903581386777916,
    "bagging_fraction": 0.847411550506248,
    "bagging_freq": 9,
    "min_child_samples": 49,
    "min_child_weight": 0.006355705079692514,
    "subsample": 0.9719501753235223,
    "subsample_freq": 10,
    "colsample_bytree": 0.3616135284915262,
    "max_bin": 64,
    "min_split_gain": 0.01805409552862708,
    "min_data_in_leaf": 12,
    "min_sum_hessian_in_leaf": 1.654585749722647
}